Date ,Time,Tag ID,Speceis,Length,Capture Method ,Marked At
4/18/2018,12:36:35,3D6.00184CBA3B,MODU,363,Fyke ,D1.0
4/18/2018,12:40:04,3D6.00184CBA03,MODU,240,Fyke ,D1.0
4/18/2018,12:43:00,3D6.00184CBA0E,MODU,290,Fyke ,D1.0
4/18/2018,12:44:10,3D6.00184CBA35,MODU,140,Fyke ,D1.0
4/18/2018,12:46:35,3D6.00184CBA0B,MODU,140,Fyke ,D1.0
4/18/2018,12:47:18,3D6.00184CBA25,MODU,127,Fyke ,D1.0
4/18/2018,12:49:12,3D6.00184CB9FC,LEME,102,Fyke ,D1.0
4/18/2018,13:02:31,3D6.00184CBA1D,MICO,177,Fyke ,D1.0
4/18/2018,12:52:09,3D6.00184CBA2D,MICO,205,Fyke ,D1.0
4/18/2018,13:04:41,3D6.00184CBA4B,HYET,150,Fyke ,D1.0
4/18/2018,13:06:50,3D6.00184CBA2A,HYET,155,Fyke ,D1.0
4/18/2018,13:05:24,3D6.00184CBA30,HYET,159,Fyke ,D1.0
4/18/2018,12:55:14,3D6.00184CBA08,MICO,218,Fyke ,D1.0
4/18/2018,11:11:41,3D6.00184CBA4E,LEAU,99,Fyke ,U1.0
4/18/2018,11:12:45,3D6.00184CBA2F,LEME,119,Fyke ,U1.0
4/18/2018,13:10:18,3D6.00184CBA29,HYET,170,Fyke ,D1.0
4/18/2018,13:08:50,3D6.00184CBA51,HYET,172,Fyke ,D1.0
4/19/2018,13:34:05,3D6.00184CBA44,HYET,115,Fyke ,D1.0
4/19/2018,13:22:25,3D6.00184CBA28,MODU,360,Fyke ,D1.0
4/19/2018,13:24:22,3D6.00184CBA1B,MODU,350,Fyke ,D1.0
4/19/2018,13:25:18,3D6.00184CBA1C,MODU,355,Fyke ,D1.0
4/19/2018,13:26:49,3D6.00184CBA3A,MODU,295,Fyke ,D1.0
4/19/2018,13:39:02,3D6.00184CBA00,CAOL,91,Fyke ,D1.0
4/19/2018,13:38:11,3D6.00184CBA2C,CAOL,95,Fyke ,D1.0
4/19/2018,13:39:17,3D6.00184CB9FB,CAOL,96,Fyke ,D1.0
4/19/2018,13:39:31,3D6.00184CBA41,CAOL,98,Fyke ,D1.0
4/19/2018,13:38:32,3D6.00184CB9FF,CAOL,99,Fyke ,D1.0
4/19/2018,13:38:44,3D6.00184CBA3F,CAOL,99,Fyke ,D1.0
4/19/2018,13:30:59,3D6.00184CBA09,MICO,198,Fyke ,D1.0
4/19/2018,13:39:45,3D6.00184CBA3D,CAOL,103,Fyke ,D1.0
4/19/2018,14:14:08,3D6.00184CBA12,MODU,330,Fyke ,U1.0
4/19/2018,14:16:11,3D6.00184CBA37,MODU,332,Fyke ,U1.0
4/19/2018,14:18:55,3D6.00184CBA31,MODU,354,Fyke ,U1.0
4/19/2018,13:35:12,3D6.00184CBA50,HYET,161,Fyke ,D1.0
4/19/2018,14:20:55,3D6.00184CBA42,LEAU,179,Fyke ,U1.0
4/19/2018,14:22:28,3D6.00184CBA47,LEAU,195,Fyke ,U1.0
4/19/2018,13:35:43,3D6.00184CBA13,HYET,171,Fyke ,D1.0
4/19/2018,13:28:43,3D6.00184CBA20,MICO,278,Fyke ,D1.0
4/20/2018,11:23:07,3D6.00184CBA40,MODU,325,Fyke ,D1.0
4/20/2018,11:25:12,3D6.00184CBA16,MODU,340,Fyke ,D1.0
4/20/2018,11:27:15,3D6.00184CBA57,MODU,325,Fyke ,D1.0
4/20/2018,11:27:48,3D6.00184CBA46,HYET,129,Fyke ,D1.0
5/8/2018,12:58:44,3D6.00184CB8A1,MICO,89,Fyke ,D1.0
5/8/2018,13:08:12,3D6.00184CB873,HYET,118,Fyke ,D1.0
5/8/2018,13:44:30,3D6.00184CB86C,CAOL,75,Fyke ,D1.0
5/8/2018,13:45:04,3D6.00184CB896,CAOL,80,Fyke ,D1.0
5/8/2018,13:12:01,3D6.00184CB872 ,LEAU,70,Fyke ,D1.0
5/8/2018,13:02:27,3D6.00184CB8A9,LEAU,105,Fyke ,D1.0
5/8/2018,13:02:03,3D6.00184CB875,LEAU,125,Fyke ,D1.0
5/8/2018,13:22:29,3D6.00184CB893,CAOL,82,Fyke ,D1.0
5/8/2018,13:40:08,3D6.00184CB8BD,CAOL,83,Fyke ,D1.0
5/8/2018,13:45:47,3D6.00184CB86E,CAOL,84,Fyke ,D1.0
5/8/2018,12:12:45,3D6.00184CBA15,CAOL,89,Fyke ,U1.0
5/8/2018,13:36:27,3D6.00184CB874,CAOL,87,Fyke ,D1.0
5/8/2018,13:37:43,3D6.00184CB898,CAOL,87,Fyke ,D1.0
5/8/2018,12:21:19,3D6.00184CB89A,CAOL,95,Fyke ,U1.0
5/8/2018,13:35:46,3D6.00184CB8B3,CAOL,90,Fyke ,D1.0
5/8/2018,13:41:08,3D6.00184CB88C,CAOL,90,Fyke ,D1.0
5/8/2018,12:59:07,3D6.00184CB8C1,MICO,195,Fyke ,D1.0
5/8/2018,12:19:03,3D6.00184CB884,CAOL,100,Fyke ,U1.0
5/8/2018,13:40:17,3D6.00184CB88D,CAOL,98,Fyke ,D1.0
5/8/2018,13:31:15,3D6.00184CB89C,CAOL,99,Fyke ,D1.0
5/8/2018,12:18:35,3D6.00184CB897,CAOL,109,Fyke ,U1.0
5/8/2018,13:21:55,3D6.00184CB87E,CAOL,105,Fyke ,D1.0
5/8/2018,13:25:35,3D6.00184CB89E,CAOL,109,Fyke ,D1.0
5/8/2018,13:36:55,3D6.00184CB887,CAOL,110,Fyke ,D1.0
5/8/2018,13:41:43,3D6.00184CB8B6,CAOL,110,Fyke ,D1.0
5/8/2018,13:32:09,3D6.00184CB86A,CAOL,112,Fyke ,D1.0
5/8/2018,12:14:34,3D6.00184CB89F,CAOL,119,Fyke ,U1.0
5/8/2018,13:30:11,3D6.00184CB885,CAOL,115,Fyke ,D1.0
5/8/2018,12:17:55,3D6.00184CB89D,CAOL,125,Fyke ,U1.0
5/8/2018,13:26:08,3D6.00184CB89B,CAOL,124,Fyke ,D1.0
5/8/2018,12:13:10,3D6.00184CBA01,CAOL,131,Fyke ,U1.0
5/8/2018,12:13:33,3D6.00184CBA22,CAOL,138,Fyke ,U1.0
5/8/2018,13:08:35,3D6.00184CB878,HYET,168,Fyke ,D1.0
5/9/2018,16:46:35,3D6.00184CB88E,HYET,110,Fyke ,D1.0
5/9/2018,16:44:42,3D6.00184CB8AA,MICO,150,Fyke ,D1.0
5/9/2018,16:10:27,3D6.00184CB895,CAOL,70,Fyke ,U1.0
5/9/2018,16:59:25,3D6.00184CB86F,CAOL,77,Fyke ,D1.0
5/9/2018,17:04:15,3D6.00184CB882,CAOL,80,Fyke ,D1.0
5/9/2018,17:02:03,3D6.00184CB8A6,CAOL,90,Fyke ,D1.0
5/9/2018,17:02:48,3D6.00184CB88F,CAOL,90,Fyke ,D1.0
5/9/2018,16:49:07,3D6.00184CB87A,MODU,135,Fyke ,D1.0
5/9/2018,16:49:36,3D6.00184CB8A2,LEME,105,Fyke ,D1.0
5/9/2018,16:58:00,3D6.00184CB8A5,CAOL,95,Fyke ,D1.0
5/9/2018,16:58:19,3D6.00184CB886,CAOL,95,Fyke ,D1.0
5/9/2018,16:06:29,3D6.00184CB8A8,CAOL,105,Fyke ,U1.0
5/9/2018,17:00:52,3D6.00184CB8BE,CAOL,98,Fyke ,D1.0
5/9/2018,17:03:21,3D6.00184CB8AE,CAOL,98,Fyke ,D1.0
5/9/2018,16:54:39,3D6.00184CB879,CAOL,99,Fyke ,D1.0
5/9/2018,16:55:32,3D6.00184CB8A0,CAOL,99,Fyke ,D1.0
5/9/2018,16:58:39,3D6.00184CB8C2,CAOL,105,Fyke ,D1.0
5/9/2018,16:59:02,3D6.00184CB8C6,CAOL,108,Fyke ,D1.0
5/9/2018,17:01:11,3D6.00184CB8B1,CAOL,111,Fyke ,D1.0
5/9/2018,16:02:21,3D6.00184CB899,MODU,280,Fyke ,U1.0
5/9/2018,16:56:02,3D6.00184CB8B8,CAOL,119,Fyke ,D1.0
5/9/2018,16:05:36,3D6.00184CB866,CAOL,125,Fyke ,U1.0
5/9/2018,16:05:13,3D6.00184CB888,CAOL,130,Fyke ,U1.0
5/9/2018,16:55:18,3D6.00184CB8A7,CAOL,127,Fyke ,D1.0
5/9/2018,16:55:05,3D6.00184CB8AD,CAOL,130,Fyke ,D1.0
5/10/2018,11:15:30,3D6.00184CB8B2,CAOL,75,Fyke ,U1.0
5/10/2018,10:28:46,3D6.00184CB86D,CAOL,92,Fyke ,D1.0
5/10/2018,10:35:00,3D6.00184CB8B5,CAOL,95,Fyke ,D1.0
5/10/2018,10:35:35,3D6.00184CB8A3,CAOL,96,Fyke ,D1.0
5/10/2018,10:36:12,3D6.00184CB8C5,CAOL,96,Fyke ,D1.0
5/10/2018,10:36:41,3D6.00184CB871,CAOL,105,Fyke ,D1.0
5/10/2018,10:28:02,3D6.00184CB8B9,CAOL,107,Fyke ,D1.0
5/10/2018,10:40:34,3D6.00184CB8BB,MICO,266,Fyke ,D1.0
5/10/2018,10:27:28,3D6.00184CB868,CAOL,146,Fyke ,D1.0
5/11/2018,11:45:22,3D6.00184CB87C,HYET,115,Fyke ,D1.0
5/11/2018,11:44:55,3D6.00184CB8AF,MICO,108,Fyke ,D1.0
5/11/2018,12:00:11,3D6.00184CB892,CAOL,71,Fyke ,D1.0
5/11/2018,11:58:35,3D6.00184CB8BC,CAOL,85,Fyke ,D1.0
5/11/2018,12:00:32,3D6.00184CB977,CAOL,91,Fyke ,D1.0
5/11/2018,12:01:14,3D6.00184CB97E,CAOL,91,Fyke ,D1.0
5/11/2018,11:57:26,3D6.00184CB8AB,CAOL,92,Fyke ,D1.0
5/11/2018,11:53:33,3D6.00184CB880,CAOL,95,Fyke ,D1.0
5/11/2018,11:54:21,3D6.00184CB869,CAOL,96,Fyke ,D1.0
5/11/2018,10:50:09,3D6.00184CB891,CAOL,112,Fyke ,U1.0
5/11/2018,11:58:55,3D6.00184CB881,CAOL,105,Fyke ,D1.0
5/11/2018,11:59:40,3D6.00184CB88A,CAOL,105,Fyke ,D1.0
5/11/2018,10:49:35,3D6.00184CB8BF,CAOL,116,Fyke ,U1.0
5/11/2018,11:59:15,3D6.00184CB8C4,CAOL,106,Fyke ,D1.0
5/11/2018,11:54:59,3D6.00184CB8C0,CAOL,111,Fyke ,D1.0
5/11/2018,11:55:27,3D6.00184CB8B4,CAOL,115,Fyke ,D1.0
5/11/2018,11:53:52,3D6.00184CB8B7,CAOL,116,Fyke ,D1.0
5/11/2018,11:56:28,3D6.00184CB8B0,CAOL,120,Fyke ,D1.0
5/11/2018,10:48:48,3D6.00184CB867,CAOL,126,Fyke ,U1.0
5/11/2018,11:56:48,3D6.00184CB8A4,CAOL,130,Fyke ,D1.0
5/11/2018,10:48:21,3D6.00184CB890,CAOL,156,Fyke ,U1.0
5/22/2018,9:45:38,3D6.1D592D606B,MICO,185,Fyke ,U2.0
5/22/2018,9:01:41,3D6.1D592D6067,LEAU,65,Fyke ,U1.0
5/22/2018,8:59:33,3D6.1D592D602F,CAOL,125,Fyke ,U1.0
5/22/2018,8:54:42,3D6.1D592D6061,MODU,365,Fyke ,U1.0
5/22/2018,8:57:53,3D6.1D592D6042,MODU,241,Fyke ,U1.0
5/22/2018,9:02:12,3D6.1D592D6055,LEAU,71,Fyke ,U1.0
5/22/2018,8:59:58,3D6.1D592D6085,CAOL,129,Fyke ,U1.0
5/22/2018,9:07:13,3D6.1D592D6035,LEAU,92,Fyke ,U1.0
5/22/2018,9:02:43,3D6.1D592D602D,LEAU,115,Fyke ,U1.0
5/22/2018,9:03:06,3D6.1D592D6083,LEAU,146,Fyke ,U1.0
5/22/2018,9:53:19,3D6.1D592D6086,LEAU,60,Fyke ,U2.0
5/22/2018,9:54:14,3D6.1D592D607B,LEAU,61,Fyke ,U2.0
5/22/2018,9:54:33,3D6.1D592D6078,LEAU,70,Fyke ,U2.0
5/22/2018,9:49:50,3D6.1D592D606F,LEAU,115,Fyke ,U2.0
5/22/2018,9:48:50,3D6.1D592D6064,LEAU,122,Fyke ,U2.0
5/22/2018,9:49:24,3D6.1D592D605F,LEAU,123,Fyke ,U2.0
5/22/2018,9:46:17,3D6.1D592D6073,LEAU,125,Fyke ,U2.0
5/22/2018,9:48:21,3D6.1D592D607D,LEAU,135,Fyke ,U2.0
5/22/2018,9:53:41,3D6.1D592D6034,LEME,67,Fyke ,U2.0
5/22/2018,9:50:29,3D6.1D592D6077,LEAU,156,Fyke ,U2.0
5/22/2018,9:45:17,3D6.1D592D605B,LEAU,170,Fyke ,U2.0
5/22/2018,9:43:49,3D6.1D592D606A,HYET,145,Fyke ,U2.0
5/22/2018,9:44:05,3D6.1D592D605C,HYET,165,Fyke ,U2.0
5/23/2018,9:45:53,3D6.1D592D6053,LEAU,94,Fyke ,U1.0
5/23/2018,9:44:50,3D6.1D592D6089,LEAU,99,Fyke ,U1.0
5/23/2018,9:46:15,3D6.1D592D6065,LEAU,120,Fyke ,U1.0
5/23/2018,9:42:50,3D6.1D592D6030,LEME,118,Fyke ,U1.0
5/23/2018,9:45:33,3D6.1D592D603E,LEAU,143,Fyke ,U1.0
5/23/2018,9:39:42,3D6.1D592D6088,MICO,231,Fyke ,U1.0
5/23/2018,9:42:09,3D6.1D592D608B,CAOL,134,Fyke ,U1.0
5/23/2018,9:41:21,3D6.1D592D6087,CAOL,137,Fyke ,U1.0
5/23/2018,9:45:11,3D6.1D592D6060,LEAU,159,Fyke ,U1.0
5/23/2018,9:43:30,3D6.1D592D6032,HYET,120,Fyke ,U1.0
5/23/2018,10:20:36,3D6.1D592D6072,HYET,168,Fyke ,U1.2
5/23/2018,10:23:40,3D6.1D592D6069,CAOL,96,Fyke ,U2.0
5/23/2018,10:23:05,3D6.1D592D6050,CAOL,112,Fyke ,U2.0
5/23/2018,10:19:49,3D6.1D592D608D,HYET,128,Fyke ,U2.0
5/23/2018,10:20:12,3D6.1D592D6063,HYET,160,Fyke ,U2.0
5/25/2018,10:07:32,3D6.1D592D606C,CAOL,118,Fyke ,U1.0
5/25/2018,10:16:47,3D6.1D592D6041,LEME,63,Fyke ,U1.0
5/25/2018,10:11:33,3D6.1D592D6074,LEAU,63,Fyke ,U1.0
5/25/2018,10:11:06,3D6.1D592D603B,LEAU,76,Fyke ,U1.0
5/25/2018,10:10:44,3D6.1D592D6062,LEAU,134,Fyke ,U1.0
5/25/2018,10:11:52,3D6.1D592D604E,LEAU,136,Fyke ,U1.0
5/25/2018,10:20:21,3D6.1D592D6052,LEME,66,Fyke ,U1.0
5/25/2018,10:17:12,3D6.1D592D604F,LEME,99,Fyke ,U1.0
5/25/2018,10:15:49,3D6.1D592D6082,LEME,118,Fyke ,U1.0
5/25/2018,10:07:54,3D6.1D592D605D,CAOL,136,Fyke ,U1.0
5/25/2018,10:05:38,3D6.1D592D604B,HYET,156,Fyke ,U1.0
5/25/2018,11:07:45,3D6.1D592D606E,LEME,93,Fyke ,U2.0
5/25/2018,11:07:24,3D6.1D592D6075,LEME,110,Fyke ,U2.0
6/7/2018,14:00:51,3D6.1D592D604A,HYET,123,Fyke ,D1.0
6/7/2018,14:01:26,3D6.1D592D607F,HYET,125,Fyke ,D1.0
6/7/2018,14:04:52,3D6.1D592D607A,CAOL,111,Fyke ,D1.0
6/7/2018,14:28:12,3D6.1D592D604C,LEAU,145,Fyke ,U1.0
6/7/2018,14:04:09,3D6.1D592D6036,CAOL,136,Fyke ,D1.0
6/7/2018,14:04:33,3D6.1D592D6071,CAOL,137,Fyke ,D1.0
6/8/2018,15:31:44,3D6.00184CB901,MICO,68,Fyke ,U1.0
6/8/2018,15:34:44,3D6.00184CB922,LEAU,61,Fyke ,U1.0
6/8/2018,15:28:00,3D6.1D592D607E, CAOL,125,Fyke ,U1.0
6/8/2018,15:28:53,3D6.1D592D6081,LEAU,66,Fyke ,U1.0
6/8/2018,15:29:30,3D6.00184CB8D1,LEME,80,Fyke ,U1.0
7/10/2018,10:55:39,3D6.00184CB916,MICO,98,Fyke ,U2.0
7/10/2018,10:08:14,3D6.00184CB8F1,CAOL,95,Fyke ,U1.0
7/10/2018,10:08:56,3D6.00184CB8FA,CAOL,125,Fyke ,U1.0
7/10/2018,10:15:43,3D6.00184CB8E3,LEAU,65,Fyke ,U1.0
7/10/2018,10:10:35,3D6.00184CB91E,LEME,65,Fyke ,U1.0
7/10/2018,10:14:46,3D6.00184CB8D5,MODU,335,Fyke ,U1.0
7/10/2018,10:08:39,3D6.00184CB908,CAOL,143,Fyke ,U1.0
7/10/2018,10:57:24,3D6.00184CB8DF,CAOL,85,Fyke ,U2.0
7/10/2018,10:55:14,3D6.00184CB8D6,LEAU,140,Fyke ,U2.0
7/10/2018,10:57:07,3D6.00184CB924,CAOL,90,Fyke ,U2.0
7/10/2018,10:58:12,3D6.00184CB8E6,CAOL,125,Fyke ,U2.0
7/10/2018,10:57:39,3D6.00184CB8DE,CAOL,140,Fyke ,U2.0
7/10/2018,10:57:53,3D6.00184CB8DD,CAOL,150,Fyke ,U2.0
7/10/2018,10:59:24,3D6.00184CB92D,HYET,135,Fyke ,U2.0
7/10/2018,10:59:03,3D6.00184CB8DA,HYET,145,Fyke ,U2.0
7/10/2018,11:00:10,3D6.00184CB900,HYET,160,Fyke ,U2.0
7/10/2018,11:00:25,3D6.00184CB8D4,HYET,165,Fyke ,U2.0
7/10/2018,11:01:00,3D6.00184CB923,HYET,205,Fyke ,U2.0
7/11/2018,13:11:22,3D6.00184CB959,CAOL,97,Fyke ,U1.0
7/11/2018,13:07:58,3D6.00184CB952,CAOL,99,Fyke ,U1.0
7/11/2018,13:10:09,3D6.00184CB95B,CAOL,118,Fyke ,U1.0
7/11/2018,13:10:48,3D6.00184CB989,CAOL,121,Fyke ,U1.0
7/11/2018,13:07:12,3D6.00184CB98E,CAOL,122,Fyke ,U1.0
7/11/2018,13:11:03,3D6.00184CB97D,CAOL,125,Fyke ,U1.0
7/11/2018,13:07:37,3D6.00184CB946,CAOL,127,Fyke ,U1.0
7/11/2018,13:10:33,3D6.00184CB940,CAOL,127,Fyke ,U1.0
7/11/2018,13:31:27,3D6.00184CB964,HYET,146,Fyke ,U2.0
7/17/2018,10:30:07,3D6.00184CB92A,LEME,135,Seine,D1.0
7/17/2018,10:32:42,3D6.00184CB8CD,LEAU,105,Seine,D1.0
7/17/2018,10:33:04,3D6.00184CB91B,LEAU,160,Seine,D1.0
7/17/2018,10:34:17,3D6.00184CB90A,LEAU,68,Seine,D1.0
7/17/2018,10:34:52,3D6.00184CB8FD,LEAU,94,Seine,D1.0
7/17/2018,10:35:21,3D6.00184CB92C,LEAU,98,Seine,D1.0
7/17/2018,10:36:42,3D6.00184CB928,MODU,193,Seine,D1.0
7/17/2018,10:41:50,3D6.00184CB910,LEAU,75,Seine,D1.0
7/17/2018,10:42:35,3D6.00184CB8CC,LEAU,70,Seine,D1.0
7/17/2018,11:52:44,3D6.00184CB8E4,LEAU,68,Fyke ,U1.0
7/17/2018,11:53:08,3D6.00184CB90D,LEAU,86,Fyke ,U1.0
7/17/2018,11:36:34,3D6.00184CB8D7,LEME,60,Seine ,U1.0
7/17/2018,11:36:49,3D6.00184CB905,LEME,73,Seine ,U1.0
7/17/2018,11:37:03,3D6.00184CB8E1,LEME,70,Seine ,U1.0
7/17/2018,11:39:04,3D6.00184CB8DC,LEAU,73,Seine ,U1.0
7/17/2018,11:39:23,3D6.00184CB914,LEAU,73,Seine ,U1.0
7/17/2018,11:39:37,3D6.00184CB8CB,LEAU,93,Seine ,U1.0
7/17/2018,11:40:01,3D6.00184CB8D2,LEAU,75,Seine ,U1.0
7/17/2018,11:41:37,3D6.00184CB8FB,LEAU,93,Seine ,U1.0
7/17/2018,11:41:50,3D6.00184CB8D3,LEAU,73,Seine ,U1.0
7/17/2018,11:42:08,3D6.00184CB909,LEAU,75,Seine ,U1.0
7/17/2018,11:42:29,3D6.00184CB8EC,LEAU,100,Seine ,U1.0
7/17/2018,11:44:48,3D6.00184CB927,LEAU,65,Seine ,U1.0
7/17/2018,11:45:07,3D6.00184CB8DB,LEAU,70,Seine ,U1.0
7/17/2018,11:45:30,3D6.00184CB90E,LEAU,66,Seine ,U1.0
7/17/2018,11:45:48,3D6.00184CB8F5,LEAU,71,Seine ,U1.0
7/17/2018,11:49:13,3D6.00184CB90B,LEAU,66,Seine ,U1.0
7/17/2018,11:49:42,3D6.00184CB920,LEAU,85,Seine ,U1.0
7/17/2018,11:50:05,3D6.00184CB90C,LEAU,66,Seine ,U1.0
7/17/2018,11:50:24,3D6.00184CB907,LEAU,75,Seine ,U1.0
7/31/2018,9:52:29,3D6.00184CB8E5,HYET,197,Electro,U1.0
7/31/2018,10:12:49,3D6.00184CB8E9,HYET,126,Electro,U1.1
7/31/2018,11:57:40,3D6.00184CB957,HYET,135,Electro,U1.3
7/31/2018,11:57:56,3D6.00184CB941,HYET,137,Electro,U1.3
7/31/2018,11:58:31,3D6.00184CB938,HYET,145,Electro,U1.3
7/31/2018,11:13:37,3D6.00184CB947,HYET,181,Electro,U1.2
7/31/2018,11:13:55,3D6.00184CB95C,HYET,151,Electro,U1.2
7/31/2018,11:14:13,3D6.00184CB965,HYET,159,Electro,U1.2
7/31/2018,12:40:12,3D6.00184CBA88,HYET,124,Electro,U2.1
7/31/2018,12:49:47,3D6.00184CBAB8,HYET,180,Electro,U2.2
7/31/2018,12:50:23,3D6.00184CBA80,HYET,145,Electro,U2.2
7/31/2018,12:50:55,3D6.00184CBAA4,HYET,140,Electro,U2.2
7/31/2018,9:54:13,3D6.00184CB921,LEME,64,Electro,U1.0
7/31/2018,9:54:41,3D6.00184CB8F3,LEME,73,Electro,U1.0
7/31/2018,9:55:16,3D6.00184CB906,LEME,93,Electro,U1.0
7/31/2018,9:56:41,3D6.00184CB8E2,LEAU,93,Electro,U1.0
7/31/2018,9:57:05,3D6.00184CB912,LEAU,120,Electro,U1.0
7/31/2018,9:57:40,3D6.00184CB8CF,LEAU,123,Electro,U1.0
7/31/2018,9:59:08,3D6.00184CB90F,LEAU,66,Electro,U1.0
7/31/2018,9:59:33,3D6.00184CB8FF,LEAU,69,Electro,U1.0
7/31/2018,10:32:13,3D6.00184CB926,LEAU,110,Electro,U1.0
7/31/2018,10:32:32,3D6.00184CB8D9,LEAU,112,Electro,U1.0
7/31/2018,10:34:20,3D6.00184CB925,LEME,64,Electro,U1.0
7/31/2018,10:52:26,3D6.00184CB902,LEAU,191,Electro,U1.1
7/31/2018,10:52:59,3D6.00184CB903,LEAU,112,Electro,U1.1
7/31/2018,10:53:19,3D6.00184CB91F,LEAU,95,Electro,U1.1
7/31/2018,10:54:07,3D6.00184CB91D,LEAU,78,Electro,U1.1
7/31/2018,10:56:04,3D6.00184CB987,LEAU,65,Electro,U1.1
7/31/2018,10:56:47,3D6.00184CB948,LEAU,69,Electro,U1.1
7/31/2018,10:57:09,3D6.00184CB98A,LEAU,82,Electro,U1.1
7/31/2018,10:57:29,3D6.00184CB92F,LEAU,63,Electro,U1.1
7/31/2018,10:59:28,3D6.00184CB960,MICO,105,Electro,U1.1
7/31/2018,11:02:01,3D6.00184CB980,LEME,70,Electro,U1.1
7/31/2018,11:02:17,3D6.00184CB94F,LEME,68,Electro,U1.1
7/31/2018,11:02:37,3D6.00184CB955,LEME,75,Electro,U1.1
7/31/2018,11:02:52,3D6.00184CB981,LEME,110,Electro,U1.1
7/31/2018,11:03:13,3D6.00184CB96D,LEME,69,Electro,U1.1
7/31/2018,11:03:37,3D6.00184CB990,LEME,88,Electro,U1.1
7/31/2018,10:15:12,3D6.00184CB8FC,LEAU,173,Electro,U1.1
7/31/2018,10:17:22,3D6.00184CB8CE,LEAU,69,Electro,U1.1
7/31/2018,10:17:44,3D6.00184CB8EA,LEAU,139,Electro,U1.1
7/31/2018,10:18:02,3D6.00184CB8E7,LEAU,124,Electro,U1.1
7/31/2018,10:18:17,3D6.00184CB8E8,LEAU,132,Electro,U1.1
7/31/2018,10:18:31,3D6.00184CB911,LEAU,112,Electro,U1.1
7/31/2018,10:19:54,3D6.00184CB8F8,LEAU,90,Electro,U1.1
7/31/2018,10:20:07,3D6.00184CB915,LEAU,126,Electro,U1.1
7/31/2018,10:20:39,3D6.00184CB8ED,LEAU,87,Electro,U1.1
7/31/2018,10:21:02,3D6.00184CB8EE,LEAU,74,Electro,U1.1
7/31/2018,10:23:09,3D6.00184CB8EF,LEAU,93,Electro,U1.1
7/31/2018,10:23:30,3D6.00184CB8FE,LEAU,100,Electro,U1.1
7/31/2018,10:23:49,3D6.00184CB917,LEAU,74,Electro,U1.1
7/31/2018,10:24:02,3D6.00184CB8F4,LEAU,96,Electro,U1.1
7/31/2018,10:26:18,3D6.00184CB929,LEAU,81,Electro,U1.1
7/31/2018,10:26:47,3D6.00184CB92B,LEAU,73,Electro,U1.1
7/31/2018,10:27:06,3D6.00184CB918,LEAU,71,Electro,U1.1
7/31/2018,10:27:24,3D6.00184CB8EB,LEAU,74,Electro,U1.1
7/31/2018,10:28:58,3D6.00184CB8E0,LEME,130,Electro,U1.1
7/31/2018,10:29:19,3D6.00184CB919,LEME,90,Electro,U1.1
7/31/2018,10:29:39,3D6.00184CB8D8,LEME,102,Electro,U1.1
7/31/2018,10:30:02,3D6.00184CB8F9,LEME,83,Electro,U1.1
7/31/2018,10:30:28,3D6.00184CB91C,LEME,71,Electro,U1.1
7/31/2018,11:40:18,3D6.00184CB963,LEME,81,Electro,U1.3
7/31/2018,11:40:34,3D6.00184CB944,LEME,66,Electro,U1.3
7/31/2018,11:40:55,3D6.00184CB96A,LEME,74,Electro,U1.3
7/31/2018,11:41:19,3D6.00184CB97F,LEME,71,Electro,U1.3
7/31/2018,11:41:33,3D6.00184CB935,LEME,108,Electro,U1.3
7/31/2018,11:41:47,3D6.00184CB939,LEME,73,Electro,U1.3
7/31/2018,11:43:43,3D6.00184CB983,LEAU ,83,Electro,U1.3
7/31/2018,11:43:58,3D6.00184CB95D,LEAU ,85,Electro,U1.3
7/31/2018,11:44:12,3D6.00184CB986,LEAU ,118,Electro,U1.3
7/31/2018,11:44:26,3D6.00184CB954,LEAU ,119,Electro,U1.3
7/31/2018,11:44:38,3D6.00184CB991,LEAU ,104,Electro,U1.3
7/31/2018,11:46:11,3D6.00184CB950,LEAU ,71,Electro,U1.3
7/31/2018,11:46:30,3D6.00184CB982,LEAU ,76,Electro,U1.3
7/31/2018,11:51:45,3D6.00184CB97A,MICO,110,Electro,U1.3
7/31/2018,11:52:14,3D6.00184CB953,LEME,86,Electro,U1.3
7/31/2018,11:52:35,3D6.00184CB976,LEME,65,Electro,U1.3
7/31/2018,11:52:49,3D6.00184CB988,LEME,77,Electro,U1.3
7/31/2018,11:53:07,3D6.00184CB98D,LEME,67,Electro,U1.3
7/31/2018,11:53:25,3D6.00184CB93E,LEME,66,Electro,U1.3
7/31/2018,11:54:53,3D6.00184CB96F,LEME,70,Electro,U1.3
7/31/2018,11:55:13,3D6.00184CB966,LEME,67,Electro,U1.3
7/31/2018,11:55:31,3D6.00184CB95F,LEME,62,Electro,U1.3
7/31/2018,11:55:51,3D6.00184CB94A,LEME,65,Electro,U1.3
7/31/2018,11:56:14,3D6.00184CB933,LEME,65,Electro,U1.3
7/31/2018,11:56:31,3D6.00184CB958,LEME,81,Electro,U1.3
7/31/2018,11:59:00,3D6.00184CB943,LEAU ,90,Electro,U1.3
7/31/2018,11:59:14,3D6.00184CB92E,LEAU ,112,Electro,U1.3
7/31/2018,11:59:30,3D6.00184CB968,LEAU ,76,Electro,U1.3
7/31/2018,11:59:46,3D6.00184CB949,LEAU ,73,Electro,U1.3
7/31/2018,11:59:57,3D6.00184CB962,LEAU ,72,Electro,U1.3
7/31/2018,12:00:11,3D6.00184CB932,LEAU ,95,Electro,U1.3
7/31/2018,12:00:25,3D6.00184CB956,LEAU ,105,Electro,U1.3
7/31/2018,12:00:39,3D6.00184CB971,LEAU ,72,Electro,U1.3
7/31/2018,12:00:56,3D6.00184CB979,LEAU ,73,Electro,U1.3
7/31/2018,12:01:11,3D6.00184CB93A,LEAU ,83,Electro,U1.3
7/31/2018,12:01:28,3D6.00184CB931,LEAU ,74,Electro,U1.3
7/31/2018,12:01:43,3D6.00184CB975,LEAU ,85,Electro,U1.3
7/31/2018,12:02:01,3D6.00184CB970,LEAU ,74,Electro,U1.3
7/31/2018,12:02:22,3D6.00184CB969,LEAU ,95,Electro,U1.3
7/31/2018,12:02:48,3D6.00184CB934,LEAU ,76,Electro,U1.3
7/31/2018,12:03:05,3D6.00184CB93D,LEAU ,77,Electro,U1.3
7/31/2018,12:03:23,3D6.00184CB984,LEAU ,87,Electro,U1.3
7/31/2018,12:03:42,3D6.00184CB961,LEAU ,70,Electro,U1.3
7/31/2018,12:04:21,3D6.00184CB967,LEAU ,93,Electro,U1.3
7/31/2018,12:04:36,3D6.00184CB978,LEME,70,Electro,U1.3
7/31/2018,12:04:50,3D6.00184CB96B,LEME,83,Electro,U1.3
7/31/2018,12:05:19,3D6.00184CB985,LEAU ,74,Electro,U1.3
7/31/2018,11:12:09,3D6.00184CB98C,MODU,187,Electro,U1.2
7/31/2018,11:16:10,3D6.00184CB97B,LEAU,86,Electro,U1.2
7/31/2018,11:16:26,3D6.00184CB945,LEAU,72,Electro,U1.2
7/31/2018,11:16:47,3D6.00184CB972,LEAU,95,Electro,U1.2
7/31/2018,11:17:02,3D6.00184CB93F,LEAU,80,Electro,U1.2
7/31/2018,11:17:22,3D6.00184CB98B,LEAU,105,Electro,U1.2
7/31/2018,11:19:10,3D6.00184CB93C,LEME,76,Electro,U1.2
7/31/2018,12:16:05,3D6.00184CB973,LEME,139,Electro,U2.0
7/31/2018,12:16:36,3D6.00184CB937,LEME,93,Electro,U2.0
7/31/2018,12:16:54,3D6.00184CB97C,LEME,89,Electro,U2.0
7/31/2018,12:17:20,3D6.00184CB974,LEME,127,Electro,U2.0
7/31/2018,12:17:34,3D6.00184CB93B,LEME,92,Electro,U2.0
7/31/2018,12:17:53,3D6.00184CB94D,LEME,74,Electro,U2.0
7/31/2018,12:18:19,3D6.00184CB94E,LEME,72,Electro,U2.0
7/31/2018,12:18:37,3D6.00184CB96C,LEME,87,Electro,U2.0
7/31/2018,12:18:52,3D6.00184CB930,LEME,66,Electro,U2.0
7/31/2018,12:20:43,3D6.00184CB94B,LEAU,103,Electro,U2.0
7/31/2018,12:21:01,3D6.00184CB98F,LEAU,131,Electro,U2.0
7/31/2018,12:21:30,3D6.00184CBA66,LEAU,113,Electro,U2.0
7/31/2018,12:22:04,3D6.00184CBA68,LEAU,80,Electro,U2.0
7/31/2018,12:22:19,3D6.00184CBAB0,LEAU,125,Electro,U2.0
7/31/2018,12:22:38,3D6.00184CBA70,LEAU,78,Electro,U2.0
7/31/2018,12:22:51,3D6.00184CBABC,LEAU,83,Electro,U2.0
7/31/2018,12:23:06,3D6.00184CBA98,LEAU,87,Electro,U2.0
7/31/2018,12:23:34,3D6.00184CBABB,LEAU,76,Electro,U2.0
7/31/2018,12:24:04,3D6.00184CBAB6,LEAU,96,Electro,U2.0
7/31/2018,12:37:37,3D6.00184CBAA2,LEME,62,Electro,U2.1
7/31/2018,12:38:10,3D6.00184CBA8A,LEME,73,Electro,U2.1
7/31/2018,12:38:30,3D6.00184CBA97,LEME,66,Electro,U2.1
7/31/2018,12:38:45,3D6.00184CBA89,MICO,91,Electro,U2.1
7/31/2018,12:39:01,3D6.00184CBA77,MICO,105,Electro,U2.1
7/31/2018,12:40:39,3D6.00184CBAA7,LEAU,74,Electro,U2.1
7/31/2018,12:40:54,3D6.00184CBA86,LEAU,67,Electro,U2.1
7/31/2018,12:41:08,3D6.00184CBA92,LEAU,85,Electro,U2.1
7/31/2018,12:41:24,3D6.00184CBA81,LEAU,76,Electro,U2.1
7/31/2018,12:41:40,3D6.00184CBA5D,LEAU,97,Electro,U2.1
7/31/2018,12:43:17,3D6.00184CBA7D,CAOL,104,Electro,U2.1
7/31/2018,12:43:53,3D6.00184CBA78,CAOL,85,Electro,U2.1
7/31/2018,13:03:53,3D6.00184CBA8C,MICO,88,Electro,U2.3
7/31/2018,13:05:57,3D6.00184CBA62,LEAU,130,Electro,U2.3
7/31/2018,13:06:22,3D6.00184CBA8E,LEAU,128,Electro,U2.3
7/31/2018,13:06:32,3D6.00184CBA65,LEAU,100,Electro,U2.3
7/31/2018,13:06:47,3D6.00184CBAAD,LEAU,98,Electro,U2.3
7/31/2018,13:07:00,3D6.00184CBAA1,LEAU,82,Electro,U2.3
7/31/2018,13:07:15,3D6.00184CBAAE,LEAU,69,Electro,U2.3
7/31/2018,13:07:28,3D6.00184CBAB2,LEAU,75,Electro,U2.3
7/31/2018,13:07:43,3D6.00184CBA6D,LEAU,70,Electro,U2.3
7/31/2018,13:07:57,3D6.00184CBA6F,LEAU,76,Electro,U2.3
7/31/2018,13:08:11,3D6.00184CBABD,LEAU,77,Electro,U2.3
7/31/2018,13:08:54,3D6.00184CBA71,LEME ,68,Electro,U2.3
7/31/2018,12:47:21,3D6.00184CBA87,MICO,205,Electro,U2.2
7/31/2018,12:53:43,3D6.00184CBAA8,LEAU,93,Electro,U2.2
7/31/2018,12:54:01,3D6.00184CBA5F,LEAU,107,Electro,U2.2
7/31/2018,12:54:18,3D6.00184CBABA,LEAU,105,Electro,U2.2
7/31/2018,12:54:38,3D6.00184CBA96,LEAU,111,Electro,U2.2
7/31/2018,12:55:00,3D6.00184CBA6C,LEAU,130,Electro,U2.2
7/31/2018,12:55:30,3D6.00184CBAAB,LEAU,158,Electro,U2.2
7/31/2018,13:14:10,3D6.00184CBAB9,MODU,305,Electro,U3.0
7/31/2018,13:15:22,3D6.00184CBA7C,MODU,271,Electro,U3.0
7/31/2018,13:16:21,3D6.00184CBA74,LEME,98,Electro,U3.0
7/31/2018,13:16:34,3D6.00184CBA67,LEME,82,Electro,U3.0
7/31/2018,13:16:51,3D6.00184CBA9E,LEME,65,Electro,U3.0
7/31/2018,13:17:13,3D6.00184CBA9C,LEME,88,Electro,U3.0
7/31/2018,13:17:30,3D6.00184CBA6A,LEME,95,Electro,U3.0
7/31/2018,13:17:46,3D6.00184CBAA5,LEME,87,Electro,U3.0
7/31/2018,13:18:48,3D6.00184CBAA0,LEAU,138,Electro,U3.0
7/31/2018,13:19:07,3D6.00184CBA7E,LEAU,170,Electro,U3.0
7/31/2018,13:19:27,3D6.00184CBA5B,LEAU,111,Electro,U3.0
7/31/2018,13:19:43,3D6.00184CBAB1,LEAU,138,Electro,U3.0
7/31/2018,13:19:58,3D6.00184CBA82,LEAU,89,Electro,U3.0
7/31/2018,13:20:14,3D6.00184CBA94,LEAU,86,Electro,U3.0
7/31/2018,13:20:34,3D6.00184CBA5E,LEAU,104,Electro,U3.0
